product_name,brand,category_path,product_url,sku,item_number,product_code,variant_options_json,price,currency,price_visibility,unit_pack_size,availability,description,specifications_json,image_urls_json,variant_image_urls_json,alternative_products_json,field_provenance_json,scraped_at
OraSoothe Sockit!,Septodont,Dental Supplies > Sutures & surgical products > Surgical medicaments and packing,https://www.safcodental.com/product/orasoothe-reg-sockit-gel,5106359,01S0630,,"{""description"":""Oral Coating Rinse - Hygiene, 3.4 oz Bottle""}",9.990000,USD,public,,In stock,"Hydrogel dressing treats intraoral wounds and lesions. Provides fast, continuous pain relief without numbing. Protects from chemical and microbial contamination and promotes optimal healing.Contains no drugs, and has no toxicity or contraindications. Safe if swallowed. Individual 10g syringes are ideal for both in-office and take-home use. FDA approved. Please note: SOCKIT! Gel has changed its name. This product has transitioned to OraSoothe ""SOCKIT"" Gel. The product is the same - only the name has changed.",{},"[""https://www.safcodental.com/media/catalog/product/p/f/pfpgh.jpg?canvas=265%2C265&fit=bounds&height=265&optimize=medium&width=265""]","[""https://www.safcodental.com/media/catalog/product/s/e/septodont-orasoothe-oral-coating-rinse-hygiene-3-4-oz.jpg?canvas=265%2C265&fit=bounds&height=265&optimize=medium&width=265"",""https://www.safcodental.com/media/catalog/product/s/e/septodont-orasoothe-oral-coating-rinse-hygiene-3-4-oz.jpg?canvas=700%2C700&fit=bounds&height=700&optimize=medium&width=700""]",[],"{""product"":{""alternative_product_urls"":""not_available"",""brand"":""json_ld"",""category_path"":""json_ld"",""content_hash"":""derived"",""description"":""json_ld"",""image_urls"":""json_ld"",""name"":""json_ld"",""price_visibility"":""derived"",""product_url"":""json_ld"",""specifications"":""not_available""},""variant"":{""availability"":""embedded_state"",""image_urls"":""embedded_state"",""item_number"":""embedded_state"",""option_values"":""embedded_state"",""price"":""embedded_state"",""price_visibility"":""derived"",""product_url"":""derived"",""sku"":""embedded_state""}}",2026-08-10T17:24:53.889500+00:00
OraSoothe Sockit!,Septodont,Dental Supplies > Sutures & surgical products > Surgical medicaments and packing,https://www.safcodental.com/product/orasoothe-reg-sockit-gel,5690102,01S0600,,"{""description"":""5-pack""}",93.990000,USD,public,,In stock,"Hydrogel dressing treats intraoral wounds and lesions. Provides fast, continuous pain relief without numbing. Protects from chemical and microbial contamination and promotes optimal healing.Contains no drugs, and has no toxicity or contraindications. Safe if swallowed. Individual 10g syringes are ideal for both in-office and take-home use. FDA approved. Please note: SOCKIT! Gel has changed its name. This product has transitioned to OraSoothe ""SOCKIT"" Gel. The product is the same - only the name has changed.",{},"[""https://www.safcodental.com/media/catalog/product/p/f/pfpgh.jpg?canvas=265%2C265&fit=bounds&height=265&optimize=medium&width=265""]","[""https://www.safcodental.com/media/catalog/product/p/f/pfpgh_1_1.jpg?canvas=265%2C265&fit=bounds&height=265&optimize=medium&width=265"",""https://www.safcodental.com/media/catalog/product/p/f/pfpgh_1_1.jpg?canvas=700%2C700&fit=bounds&height=700&optimize=medium&width=700""]",[],"{""product"":{""alternative_product_urls"":""not_available"",""brand"":""json_ld"",""category_path"":""json_ld"",""content_hash"":""derived"",""description"":""json_ld"",""image_urls"":""json_ld"",""name"":""json_ld"",""price_visibility"":""derived"",""product_url"":""json_ld"",""specifications"":""not_available""},""variant"":{""availability"":""embedded_state"",""image_urls"":""embedded_state"",""item_number"":""embedded_state"",""option_values"":""embedded_state"",""price"":""embedded_state"",""price_visibility"":""derived"",""product_url"":""derived"",""sku"":""embedded_state""}}",2026-08-10T17:24:53.889500+00:00
OraSoothe Sockit!,Septodont,Dental Supplies > Sutures & surgical products > Surgical medicaments and packing,https://www.safcodental.com/product/orasoothe-reg-sockit-gel,5690106,01S0610,,"{""description"":""25-pack""}",309.490000,USD,public,,In stock,"Hydrogel dressing treats intraoral wounds and lesions. Provides fast, continuous pain relief without numbing. Protects from chemical and microbial contamination and promotes optimal healing.Contains no drugs, and has no toxicity or contraindications. Safe if swallowed. Individual 10g syringes are ideal for both in-office and take-home use. FDA approved. Please note: SOCKIT! Gel has changed its name. This product has transitioned to OraSoothe ""SOCKIT"" Gel. The product is the same - only the name has changed.",{},"[""https://www.safcodental.com/media/catalog/product/p/f/pfpgh.jpg?canvas=265%2C265&fit=bounds&height=265&optimize=medium&width=265""]","[""https://www.safcodental.com/media/catalog/product/placeholder/default/white-placeholder_4.jpg?fit=bounds&height=265&optimize=medium&width=265"",""https://www.safcodental.com/media/catalog/product/placeholder/default/white-placeholder_4.jpg?fit=bounds&height=700&optimize=medium&width=700""]",[],"{""product"":{""alternative_product_urls"":""not_available"",""brand"":""json_ld"",""category_path"":""json_ld"",""content_hash"":""derived"",""description"":""json_ld"",""image_urls"":""json_ld"",""name"":""json_ld"",""price_visibility"":""derived"",""product_url"":""json_ld"",""specifications"":""not_available""},""variant"":{""availability"":""embedded_state"",""image_urls"":""embedded_state"",""item_number"":""embedded_state"",""option_values"":""embedded_state"",""price"":""embedded_state"",""price_visibility"":""derived"",""product_url"":""derived"",""sku"":""embedded_state""}}",2026-08-10T17:24:53.889500+00:00
Aurelia Amazing,Supermax,Dental Supplies > Dental Exam Gloves > Nitrile gloves,https://www.safcodental.com/product/aurelia-reg-amazing-reg,4871102,92885,,"{""description"":""X-small, 300/box""}",20.990000,USD,public,300/box,In stock,Powder-free nitrile exam gloves. Thinner and more flexible than standard nitrile. Textured fingertip finish Beaded cuff Chlorinated Ambidextrous Purple color Thickness: at palm 2.0 mils; at fingertips 3.0 mils 300 gloves per box (270 for x-large) Order 10 boxes to purchase a case,{},"[""https://www.safcodental.com/media/catalog/product/d/r/drcbm.jpg?canvas=265%2C265&fit=bounds&height=265&optimize=medium&width=265""]","[""https://www.safcodental.com/media/catalog/product/placeholder/default/white-placeholder_4.jpg?fit=bounds&height=265&optimize=medium&width=265"",""https://www.safcodental.com/media/catalog/product/placeholder/default/white-placeholder_4.jpg?fit=bounds&height=700&optimize=medium&width=700""]",[],"{""product"":{""alternative_product_urls"":""not_available"",""brand"":""json_ld"",""category_path"":""json_ld"",""content_hash"":""derived"",""description"":""json_ld"",""image_urls"":""json_ld"",""name"":""json_ld"",""price_visibility"":""derived"",""product_url"":""json_ld"",""specifications"":""not_available""},""variant"":{""availability"":""embedded_state"",""image_urls"":""embedded_state"",""item_number"":""embedded_state"",""option_values"":""embedded_state"",""price"":""embedded_state"",""price_visibility"":""derived"",""product_url"":""derived"",""sku"":""embedded_state"",""unit_pack_size"":""derived""}}",2026-08-10T17:17:05.523065+00:00
Aurelia Amazing,Supermax,Dental Supplies > Dental Exam Gloves > Nitrile gloves,https://www.safcodental.com/product/aurelia-reg-amazing-reg,4871105,92886,,"{""description"":""Small, 300/box""}",20.990000,USD,public,300/box,In stock,Powder-free nitrile exam gloves. Thinner and more flexible than standard nitrile. Textured fingertip finish Beaded cuff Chlorinated Ambidextrous Purple color Thickness: at palm 2.0 mils; at fingertips 3.0 mils 300 gloves per box (270 for x-large) Order 10 boxes to purchase a case,{},"[""https://www.safcodental.com/media/catalog/product/d/r/drcbm.jpg?canvas=265%2C265&fit=bounds&height=265&optimize=medium&width=265""]","[""https://www.safcodental.com/media/catalog/product/placeholder/default/white-placeholder_4.jpg?fit=bounds&height=265&optimize=medium&width=265"",""https://www.safcodental.com/media/catalog/product/placeholder/default/white-placeholder_4.jpg?fit=bounds&height=700&optimize=medium&width=700""]",[],"{""product"":{""alternative_product_urls"":""not_available"",""brand"":""json_ld"",""category_path"":""json_ld"",""content_hash"":""derived"",""description"":""json_ld"",""image_urls"":""json_ld"",""name"":""json_ld"",""price_visibility"":""derived"",""product_url"":""json_ld"",""specifications"":""not_available""},""variant"":{""availability"":""embedded_state"",""image_urls"":""embedded_state"",""item_number"":""embedded_state"",""option_values"":""embedded_state"",""price"":""embedded_state"",""price_visibility"":""derived"",""product_url"":""derived"",""sku"":""embedded_state"",""unit_pack_size"":""derived""}}",2026-08-10T17:17:05.523065+00:00
Aurelia Amazing,Supermax,Dental Supplies > Dental Exam Gloves > Nitrile gloves,https://www.safcodental.com/product/aurelia-reg-amazing-reg,4871108,92887,,"{""description"":""Medium, 300/box""}",20.990000,USD,public,300/box,In stock,Powder-free nitrile exam gloves. Thinner and more flexible than standard nitrile. Textured fingertip finish Beaded cuff Chlorinated Ambidextrous Purple color Thickness: at palm 2.0 mils; at fingertips 3.0 mils 300 gloves per box (270 for x-large) Order 10 boxes to purchase a case,{},"[""https://www.safcodental.com/media/catalog/product/d/r/drcbm.jpg?canvas=265%2C265&fit=bounds&height=265&optimize=medium&width=265""]","[""https://www.safcodental.com/media/catalog/product/placeholder/default/white-placeholder_4.jpg?fit=bounds&height=265&optimize=medium&width=265"",""https://www.safcodental.com/media/catalog/product/placeholder/default/white-placeholder_4.jpg?fit=bounds&height=700&optimize=medium&width=700""]",[],"{""product"":{""alternative_product_urls"":""not_available"",""brand"":""json_ld"",""category_path"":""json_ld"",""content_hash"":""derived"",""description"":""json_ld"",""image_urls"":""json_ld"",""name"":""json_ld"",""price_visibility"":""derived"",""product_url"":""json_ld"",""specifications"":""not_available""},""variant"":{""availability"":""embedded_state"",""image_urls"":""embedded_state"",""item_number"":""embedded_state"",""option_values"":""embedded_state"",""price"":""embedded_state"",""price_visibility"":""derived"",""product_url"":""derived"",""sku"":""embedded_state"",""unit_pack_size"":""derived""}}",2026-08-10T17:17:05.523065+00:00
Aurelia Amazing,Supermax,Dental Supplies > Dental Exam Gloves > Nitrile gloves,https://www.safcodental.com/product/aurelia-reg-amazing-reg,4871111,92888,,"{""description"":""Large, 300/box""}",20.990000,USD,public,300/box,In stock,Powder-free nitrile exam gloves. Thinner and more flexible than standard nitrile. Textured fingertip finish Beaded cuff Chlorinated Ambidextrous Purple color Thickness: at palm 2.0 mils; at fingertips 3.0 mils 300 gloves per box (270 for x-large) Order 10 boxes to purchase a case,{},"[""https://www.safcodental.com/media/catalog/product/d/r/drcbm.jpg?canvas=265%2C265&fit=bounds&height=265&optimize=medium&width=265""]","[""https://www.safcodental.com/media/catalog/product/placeholder/default/white-placeholder_4.jpg?fit=bounds&height=265&optimize=medium&width=265"",""https://www.safcodental.com/media/catalog/product/placeholder/default/white-placeholder_4.jpg?fit=bounds&height=700&optimize=medium&width=700""]",[],"{""product"":{""alternative_product_urls"":""not_available"",""brand"":""json_ld"",""category_path"":""json_ld"",""content_hash"":""derived"",""description"":""json_ld"",""image_urls"":""json_ld"",""name"":""json_ld"",""price_visibility"":""derived"",""product_url"":""json_ld"",""specifications"":""not_available""},""variant"":{""availability"":""embedded_state"",""image_urls"":""embedded_state"",""item_number"":""embedded_state"",""option_values"":""embedded_state"",""price"":""embedded_state"",""price_visibility"":""derived"",""product_url"":""derived"",""sku"":""embedded_state"",""unit_pack_size"":""derived""}}",2026-08-10T17:17:05.523065+00:00
Aurelia Amazing,Supermax,Dental Supplies > Dental Exam Gloves > Nitrile gloves,https://www.safcodental.com/product/aurelia-reg-amazing-reg,4871114,92889,,"{""description"":""X-large, 270/box""}",20.990000,USD,public,270/box,In stock,Powder-free nitrile exam gloves. Thinner and more flexible than standard nitrile. Textured fingertip finish Beaded cuff Chlorinated Ambidextrous Purple color Thickness: at palm 2.0 mils; at fingertips 3.0 mils 300 gloves per box (270 for x-large) Order 10 boxes to purchase a case,{},"[""https://www.safcodental.com/media/catalog/product/d/r/drcbm.jpg?canvas=265%2C265&fit=bounds&height=265&optimize=medium&width=265""]","[""https://www.safcodental.com/media/catalog/product/placeholder/default/white-placeholder_4.jpg?fit=bounds&height=265&optimize=medium&width=265"",""https://www.safcodental.com/media/catalog/product/placeholder/default/white-placeholder_4.jpg?fit=bounds&height=700&optimize=medium&width=700""]",[],"{""product"":{""alternative_product_urls"":""not_available"",""brand"":""json_ld"",""category_path"":""json_ld"",""content_hash"":""derived"",""description"":""json_ld"",""image_urls"":""json_ld"",""name"":""json_ld"",""price_visibility"":""derived"",""product_url"":""json_ld"",""specifications"":""not_available""},""variant"":{""availability"":""embedded_state"",""image_urls"":""embedded_state"",""item_number"":""embedded_state"",""option_values"":""embedded_state"",""price"":""embedded_state"",""price_visibility"":""derived"",""product_url"":""derived"",""sku"":""embedded_state"",""unit_pack_size"":""derived""}}",2026-08-10T17:17:05.523065+00:00
HemoStat,Medicom,Dental Supplies > Sutures & surgical products > Surgical medicaments and packing,https://www.safcodental.com/product/hemostat-sup-trade-sup,3152001,4900-STAT,,"{""description"":""Box of 20""}",125.990000,USD,public,20/box,In stock,"Topical hemostatic dressing in the form of a sterile fabric prepared by the chemical treatment of regenerated cellulose. Provides safe and effective control of bleeding for extractions and periodontal surgery. When the fabric comes into contact with blood or fluids, it expands and transforms to a clear, viscous gel which fills voids and seals capillary ends to help stop bleeding.",{},"[""https://www.safcodental.com/media/catalog/product/m/e/medicom-hemostat-20-box.jpg?canvas=265%2C265&fit=bounds&height=265&optimize=medium&width=265""]","[""https://www.safcodental.com/media/catalog/product/m/e/medicom-hemostat-20-box_1.jpg?canvas=265%2C265&fit=bounds&height=265&optimize=medium&width=265"",""https://www.safcodental.com/media/catalog/product/m/e/medicom-hemostat-20-box_1.jpg?canvas=700%2C700&fit=bounds&height=700&optimize=medium&width=700""]",[],"{""product"":{""alternative_product_urls"":""not_available"",""brand"":""json_ld"",""category_path"":""json_ld"",""content_hash"":""derived"",""description"":""json_ld"",""image_urls"":""json_ld"",""name"":""json_ld"",""price_visibility"":""derived"",""product_url"":""json_ld"",""specifications"":""not_available""},""variant"":{""availability"":""embedded_state"",""image_urls"":""embedded_state"",""item_number"":""embedded_state"",""option_values"":""embedded_state"",""price"":""embedded_state"",""price_visibility"":""derived"",""product_url"":""derived"",""sku"":""embedded_state"",""unit_pack_size"":""derived""}}",2026-08-10T17:17:06.669418+00:00
Aurelia Vibrant,Supermax,Dental Supplies > Dental Exam Gloves > Latex gloves,https://www.safcodental.com/product/aurelia-reg-vibrant-trade,4870322,98225,,"{""description"":""x-small, 100/box""}",7.990000,USD,public,100/box,In stock,Powder-free latex exam gloves. Micro-textured finish Beaded cuff Chlorinated Ambidextrous 50μg or less of latex protein Natural color 100 gloves per box Order 10 boxes to purchase a case,{},"[""https://www.safcodental.com/media/catalog/product/d/r/drbas.jpg?canvas=265%2C265&fit=bounds&height=265&optimize=medium&width=265""]","[""https://www.safcodental.com/media/catalog/product/placeholder/default/white-placeholder_4.jpg?fit=bounds&height=265&optimize=medium&width=265"",""https://www.safcodental.com/media/catalog/product/placeholder/default/white-placeholder_4.jpg?fit=bounds&height=700&optimize=medium&width=700""]",[],"{""product"":{""alternative_product_urls"":""not_available"",""brand"":""json_ld"",""category_path"":""json_ld"",""content_hash"":""derived"",""description"":""json_ld"",""image_urls"":""json_ld"",""name"":""json_ld"",""price_visibility"":""derived"",""product_url"":""json_ld"",""specifications"":""not_available""},""variant"":{""availability"":""embedded_state"",""image_urls"":""embedded_state"",""item_number"":""embedded_state"",""option_values"":""embedded_state"",""price"":""embedded_state"",""price_visibility"":""derived"",""product_url"":""derived"",""sku"":""embedded_state"",""unit_pack_size"":""derived""}}",2026-08-10T17:17:07.795573+00:00
Aurelia Vibrant,Supermax,Dental Supplies > Dental Exam Gloves > Latex gloves,https://www.safcodental.com/product/aurelia-reg-vibrant-trade,4870334,98226,,"{""description"":""small, 100/box""}",7.990000,USD,public,100/box,In stock,Powder-free latex exam gloves. Micro-textured finish Beaded cuff Chlorinated Ambidextrous 50μg or less of latex protein Natural color 100 gloves per box Order 10 boxes to purchase a case,{},"[""https://www.safcodental.com/media/catalog/product/d/r/drbas.jpg?canvas=265%2C265&fit=bounds&height=265&optimize=medium&width=265""]","[""https://www.safcodental.com/media/catalog/product/placeholder/default/white-placeholder_4.jpg?fit=bounds&height=265&optimize=medium&width=265"",""https://www.safcodental.com/media/catalog/product/placeholder/default/white-placeholder_4.jpg?fit=bounds&height=700&optimize=medium&width=700""]",[],"{""product"":{""alternative_product_urls"":""not_available"",""brand"":""json_ld"",""category_path"":""json_ld"",""content_hash"":""derived"",""description"":""json_ld"",""image_urls"":""json_ld"",""name"":""json_ld"",""price_visibility"":""derived"",""product_url"":""json_ld"",""specifications"":""not_available""},""variant"":{""availability"":""embedded_state"",""image_urls"":""embedded_state"",""item_number"":""embedded_state"",""option_values"":""embedded_state"",""price"":""embedded_state"",""price_visibility"":""derived"",""product_url"":""derived"",""sku"":""embedded_state"",""unit_pack_size"":""derived""}}",2026-08-10T17:17:07.795573+00:00
Aurelia Vibrant,Supermax,Dental Supplies > Dental Exam Gloves > Latex gloves,https://www.safcodental.com/product/aurelia-reg-vibrant-trade,4870345,98227,,"{""description"":""medium, 100/box""}",7.990000,USD,public,100/box,In stock,Powder-free latex exam gloves. Micro-textured finish Beaded cuff Chlorinated Ambidextrous 50μg or less of latex protein Natural color 100 gloves per box Order 10 boxes to purchase a case,{},"[""https://www.safcodental.com/media/catalog/product/d/r/drbas.jpg?canvas=265%2C265&fit=bounds&height=265&optimize=medium&width=265""]","[""https://www.safcodental.com/media/catalog/product/placeholder/default/white-placeholder_4.jpg?fit=bounds&height=265&optimize=medium&width=265"",""https://www.safcodental.com/media/catalog/product/placeholder/default/white-placeholder_4.jpg?fit=bounds&height=700&optimize=medium&width=700""]",[],"{""product"":{""alternative_product_urls"":""not_available"",""brand"":""json_ld"",""category_path"":""json_ld"",""content_hash"":""derived"",""description"":""json_ld"",""image_urls"":""json_ld"",""name"":""json_ld"",""price_visibility"":""derived"",""product_url"":""json_ld"",""specifications"":""not_available""},""variant"":{""availability"":""embedded_state"",""image_urls"":""embedded_state"",""item_number"":""embedded_state"",""option_values"":""embedded_state"",""price"":""embedded_state"",""price_visibility"":""derived"",""product_url"":""derived"",""sku"":""embedded_state"",""unit_pack_size"":""derived""}}",2026-08-10T17:17:07.795573+00:00
Aurelia Vibrant,Supermax,Dental Supplies > Dental Exam Gloves > Latex gloves,https://www.safcodental.com/product/aurelia-reg-vibrant-trade,4870357,98228,,"{""description"":""large, 100/box""}",7.990000,USD,public,100/box,In stock,Powder-free latex exam gloves. Micro-textured finish Beaded cuff Chlorinated Ambidextrous 50μg or less of latex protein Natural color 100 gloves per box Order 10 boxes to purchase a case,{},"[""https://www.safcodental.com/media/catalog/product/d/r/drbas.jpg?canvas=265%2C265&fit=bounds&height=265&optimize=medium&width=265""]","[""https://www.safcodental.com/media/catalog/product/placeholder/default/white-placeholder_4.jpg?fit=bounds&height=265&optimize=medium&width=265"",""https://www.safcodental.com/media/catalog/product/placeholder/default/white-placeholder_4.jpg?fit=bounds&height=700&optimize=medium&width=700""]",[],"{""product"":{""alternative_product_urls"":""not_available"",""brand"":""json_ld"",""category_path"":""json_ld"",""content_hash"":""derived"",""description"":""json_ld"",""image_urls"":""json_ld"",""name"":""json_ld"",""price_visibility"":""derived"",""product_url"":""json_ld"",""specifications"":""not_available""},""variant"":{""availability"":""embedded_state"",""image_urls"":""embedded_state"",""item_number"":""embedded_state"",""option_values"":""embedded_state"",""price"":""embedded_state"",""price_visibility"":""derived"",""product_url"":""derived"",""sku"":""embedded_state"",""unit_pack_size"":""derived""}}",2026-08-10T17:17:07.795573+00:00
Surgifoam,Ethicon,Dental Supplies > Sutures & surgical products > Surgical medicaments and packing,https://www.safcodental.com/product/surgifoam-reg,2580512,1972,,"{""description"":""2cm x 6cm x 0.7cm, 12/box""}",214.490000,USD,public,12/box,In stock,"Sterile, water insoluble, malleable porcine gelatin absorbable sponge, intended for hemostatic use by applying to a bleeding surface.",{},"[""https://www.safcodental.com/media/catalog/product/p/f/pfpjk.jpg?canvas=265%2C265&fit=bounds&height=265&optimize=medium&width=265""]","[""https://www.safcodental.com/media/catalog/product/placeholder/default/white-placeholder_4.jpg?fit=bounds&height=265&optimize=medium&width=265"",""https://www.safcodental.com/media/catalog/product/placeholder/default/white-placeholder_4.jpg?fit=bounds&height=700&optimize=medium&width=700""]",[],"{""product"":{""alternative_product_urls"":""not_available"",""brand"":""json_ld"",""category_path"":""json_ld"",""content_hash"":""derived"",""description"":""json_ld"",""image_urls"":""json_ld"",""name"":""json_ld"",""price_visibility"":""derived"",""product_url"":""json_ld"",""specifications"":""not_available""},""variant"":{""availability"":""embedded_state"",""image_urls"":""embedded_state"",""item_number"":""embedded_state"",""option_values"":""embedded_state"",""price"":""embedded_state"",""price_visibility"":""derived"",""product_url"":""derived"",""sku"":""embedded_state"",""unit_pack_size"":""derived""}}",2026-08-10T17:17:08.945037+00:00
Surgifoam,Ethicon,Dental Supplies > Sutures & surgical products > Surgical medicaments and packing,https://www.safcodental.com/product/surgifoam-reg,2580524,1969,,"{""description"":""1cm x 1cm x 1cm, 24/box""}",251.990000,USD,public,24/box,In stock,"Sterile, water insoluble, malleable porcine gelatin absorbable sponge, intended for hemostatic use by applying to a bleeding surface.",{},"[""https://www.safcodental.com/media/catalog/product/p/f/pfpjk.jpg?canvas=265%2C265&fit=bounds&height=265&optimize=medium&width=265""]","[""https://www.safcodental.com/media/catalog/product/placeholder/default/white-placeholder_4.jpg?fit=bounds&height=265&optimize=medium&width=265"",""https://www.safcodental.com/media/catalog/product/placeholder/default/white-placeholder_4.jpg?fit=bounds&height=700&optimize=medium&width=700""]",[],"{""product"":{""alternative_product_urls"":""not_available"",""brand"":""json_ld"",""category_path"":""json_ld"",""content_hash"":""derived"",""description"":""json_ld"",""image_urls"":""json_ld"",""name"":""json_ld"",""price_visibility"":""derived"",""product_url"":""json_ld"",""specifications"":""not_available""},""variant"":{""availability"":""embedded_state"",""image_urls"":""embedded_state"",""item_number"":""embedded_state"",""option_values"":""embedded_state"",""price"":""embedded_state"",""price_visibility"":""derived"",""product_url"":""derived"",""sku"":""embedded_state"",""unit_pack_size"":""derived""}}",2026-08-10T17:17:08.945037+00:00
Regenafill Bone Graft Plug,Surgical Esthetics,Dental Supplies > Sutures & surgical products > Bone grafting tissue augmentation,https://www.safcodental.com/product/regenafill-sup-trade-sup-bone-graft-plug,6130070,RFP10X20,,"{""description"":""Posterior 10mm x 20mm, 5/pack""}",259.990000,USD,public,5/pack,In stock,"Composed of 80% carbonate phosphate based mineral with a carbonate apatite structure combined with 20% Type I Achilles bovine tendon collagen. This mineral is physically and chemically comparable to the mineralized matrix of human bone, which makes it an excellent choice for socket preservation. No membrane needed in most cases. Intended for use in dental surgery including: • Augmentation or reconstructive treatment of the alveolar ridge.• Filling of infrabony periodontal defects.• Filling of defects after root resection, apicoectomy, and cystectomy.• Filling of extraction sockets to enhance preservation of alveolar ridge.• Elevation of the maxillary sinus floor.• Filling of periodontal defects in conjunction with GTR. • Filling of peri-implant defects in conjunction with GBR.",{},"[""https://www.safcodental.com/media/catalog/product/p/f/pfwrl.jpg?canvas=265%2C265&fit=bounds&height=265&optimize=medium&width=265""]","[""https://www.safcodental.com/media/catalog/product/placeholder/default/white-placeholder_4.jpg?fit=bounds&height=265&optimize=medium&width=265"",""https://www.safcodental.com/media/catalog/product/placeholder/default/white-placeholder_4.jpg?fit=bounds&height=700&optimize=medium&width=700""]",[],"{""product"":{""alternative_product_urls"":""not_available"",""brand"":""json_ld"",""category_path"":""json_ld"",""content_hash"":""derived"",""description"":""json_ld"",""image_urls"":""json_ld"",""name"":""json_ld"",""price_visibility"":""derived"",""product_url"":""json_ld"",""specifications"":""not_available""},""variant"":{""availability"":""embedded_state"",""image_urls"":""embedded_state"",""item_number"":""embedded_state"",""option_values"":""embedded_state"",""price"":""embedded_state"",""price_visibility"":""derived"",""product_url"":""derived"",""sku"":""embedded_state"",""unit_pack_size"":""derived""}}",2026-08-10T17:17:20.579168+00:00
Regenafill Bone Graft Plug,Surgical Esthetics,Dental Supplies > Sutures & surgical products > Bone grafting tissue augmentation,https://www.safcodental.com/product/regenafill-sup-trade-sup-bone-graft-plug,6130072,RFP6X25,,"{""description"":""Anterior 6mm x 25mm, 5/pack""}",259.990000,USD,public,5/pack,In stock,"Composed of 80% carbonate phosphate based mineral with a carbonate apatite structure combined with 20% Type I Achilles bovine tendon collagen. This mineral is physically and chemically comparable to the mineralized matrix of human bone, which makes it an excellent choice for socket preservation. No membrane needed in most cases. Intended for use in dental surgery including: • Augmentation or reconstructive treatment of the alveolar ridge.• Filling of infrabony periodontal defects.• Filling of defects after root resection, apicoectomy, and cystectomy.• Filling of extraction sockets to enhance preservation of alveolar ridge.• Elevation of the maxillary sinus floor.• Filling of periodontal defects in conjunction with GTR. • Filling of peri-implant defects in conjunction with GBR.",{},"[""https://www.safcodental.com/media/catalog/product/p/f/pfwrl.jpg?canvas=265%2C265&fit=bounds&height=265&optimize=medium&width=265""]","[""https://www.safcodental.com/media/catalog/product/placeholder/default/white-placeholder_4.jpg?fit=bounds&height=265&optimize=medium&width=265"",""https://www.safcodental.com/media/catalog/product/placeholder/default/white-placeholder_4.jpg?fit=bounds&height=700&optimize=medium&width=700""]",[],"{""product"":{""alternative_product_urls"":""not_available"",""brand"":""json_ld"",""category_path"":""json_ld"",""content_hash"":""derived"",""description"":""json_ld"",""image_urls"":""json_ld"",""name"":""json_ld"",""price_visibility"":""derived"",""product_url"":""json_ld"",""specifications"":""not_available""},""variant"":{""availability"":""embedded_state"",""image_urls"":""embedded_state"",""item_number"":""embedded_state"",""option_values"":""embedded_state"",""price"":""embedded_state"",""price_visibility"":""derived"",""product_url"":""derived"",""sku"":""embedded_state"",""unit_pack_size"":""derived""}}",2026-08-10T17:17:20.579168+00:00
Compac Nitrile Gloves,Cranberry,Dental Supplies > Dental Exam Gloves > Nitrile gloves,https://www.safcodental.com/product/compac-nitrile,4710150,CR3905,,"{""description"":""X-small, 100/bag""}",8.490000,USD,public,100/bag,In stock,"Compac™ By The Cuff® Nitrile Powder Free Exam Gloves feature innovative dispensing technology designed to reduce cross-contamination, minimize glove waste, and improve operatory efficiency.",{},"[""https://www.safcodental.com/media/catalog/product/c/r/cranberry-compac-nitrile-front-facing-100-box_1.jpg?canvas=265%2C265&fit=bounds&height=265&optimize=medium&width=265""]","[""https://www.safcodental.com/media/catalog/product/placeholder/default/white-placeholder_4.jpg?fit=bounds&height=265&optimize=medium&width=265"",""https://www.safcodental.com/media/catalog/product/placeholder/default/white-placeholder_4.jpg?fit=bounds&height=700&optimize=medium&width=700""]",[],"{""product"":{""alternative_product_urls"":""not_available"",""brand"":""json_ld"",""category_path"":""json_ld"",""content_hash"":""derived"",""description"":""json_ld"",""image_urls"":""json_ld"",""name"":""json_ld"",""price_visibility"":""derived"",""product_url"":""json_ld"",""specifications"":""not_available""},""variant"":{""availability"":""embedded_state"",""image_urls"":""embedded_state"",""item_number"":""embedded_state"",""option_values"":""embedded_state"",""price"":""embedded_state"",""price_visibility"":""derived"",""product_url"":""derived"",""sku"":""embedded_state"",""unit_pack_size"":""derived""}}",2026-08-10T17:17:21.946823+00:00
Compac Nitrile Gloves,Cranberry,Dental Supplies > Dental Exam Gloves > Nitrile gloves,https://www.safcodental.com/product/compac-nitrile,4710152,CR3906,,"{""description"":""Small, 100/bag""}",8.490000,USD,public,100/bag,In stock,"Compac™ By The Cuff® Nitrile Powder Free Exam Gloves feature innovative dispensing technology designed to reduce cross-contamination, minimize glove waste, and improve operatory efficiency.",{},"[""https://www.safcodental.com/media/catalog/product/c/r/cranberry-compac-nitrile-front-facing-100-box_1.jpg?canvas=265%2C265&fit=bounds&height=265&optimize=medium&width=265""]","[""https://www.safcodental.com/media/catalog/product/placeholder/default/white-placeholder_4.jpg?fit=bounds&height=265&optimize=medium&width=265"",""https://www.safcodental.com/media/catalog/product/placeholder/default/white-placeholder_4.jpg?fit=bounds&height=700&optimize=medium&width=700""]",[],"{""product"":{""alternative_product_urls"":""not_available"",""brand"":""json_ld"",""category_path"":""json_ld"",""content_hash"":""derived"",""description"":""json_ld"",""image_urls"":""json_ld"",""name"":""json_ld"",""price_visibility"":""derived"",""product_url"":""json_ld"",""specifications"":""not_available""},""variant"":{""availability"":""embedded_state"",""image_urls"":""embedded_state"",""item_number"":""embedded_state"",""option_values"":""embedded_state"",""price"":""embedded_state"",""price_visibility"":""derived"",""product_url"":""derived"",""sku"":""embedded_state"",""unit_pack_size"":""derived""}}",2026-08-10T17:17:21.946823+00:00
Compac Nitrile Gloves,Cranberry,Dental Supplies > Dental Exam Gloves > Nitrile gloves,https://www.safcodental.com/product/compac-nitrile,4710154,CR3907,,"{""description"":""Medium, 100/bag""}",8.490000,USD,public,100/bag,In stock,"Compac™ By The Cuff® Nitrile Powder Free Exam Gloves feature innovative dispensing technology designed to reduce cross-contamination, minimize glove waste, and improve operatory efficiency.",{},"[""https://www.safcodental.com/media/catalog/product/c/r/cranberry-compac-nitrile-front-facing-100-box_1.jpg?canvas=265%2C265&fit=bounds&height=265&optimize=medium&width=265""]","[""https://www.safcodental.com/media/catalog/product/c/o/compac-nitrile-exam-gloves-100-bag-box.jpg?canvas=265%2C265&fit=bounds&height=265&optimize=medium&width=265"",""https://www.safcodental.com/media/catalog/product/c/o/compac-nitrile-exam-gloves-100-bag-box.jpg?canvas=700%2C700&fit=bounds&height=700&optimize=medium&width=700""]",[],"{""product"":{""alternative_product_urls"":""not_available"",""brand"":""json_ld"",""category_path"":""json_ld"",""content_hash"":""derived"",""description"":""json_ld"",""image_urls"":""json_ld"",""name"":""json_ld"",""price_visibility"":""derived"",""product_url"":""json_ld"",""specifications"":""not_available""},""variant"":{""availability"":""embedded_state"",""image_urls"":""embedded_state"",""item_number"":""embedded_state"",""option_values"":""embedded_state"",""price"":""embedded_state"",""price_visibility"":""derived"",""product_url"":""derived"",""sku"":""embedded_state"",""unit_pack_size"":""derived""}}",2026-08-10T17:17:21.946823+00:00
Compac Nitrile Gloves,Cranberry,Dental Supplies > Dental Exam Gloves > Nitrile gloves,https://www.safcodental.com/product/compac-nitrile,4710156,CR3908,,"{""description"":""Large, 100/bag""}",8.490000,USD,public,100/bag,Backorder,"Compac™ By The Cuff® Nitrile Powder Free Exam Gloves feature innovative dispensing technology designed to reduce cross-contamination, minimize glove waste, and improve operatory efficiency.",{},"[""https://www.safcodental.com/media/catalog/product/c/r/cranberry-compac-nitrile-front-facing-100-box_1.jpg?canvas=265%2C265&fit=bounds&height=265&optimize=medium&width=265""]","[""https://www.safcodental.com/media/catalog/product/placeholder/default/white-placeholder_4.jpg?fit=bounds&height=265&optimize=medium&width=265"",""https://www.safcodental.com/media/catalog/product/placeholder/default/white-placeholder_4.jpg?fit=bounds&height=700&optimize=medium&width=700""]",[],"{""product"":{""alternative_product_urls"":""not_available"",""brand"":""json_ld"",""category_path"":""json_ld"",""content_hash"":""derived"",""description"":""json_ld"",""image_urls"":""json_ld"",""name"":""json_ld"",""price_visibility"":""derived"",""product_url"":""json_ld"",""specifications"":""not_available""},""variant"":{""availability"":""embedded_state"",""image_urls"":""embedded_state"",""item_number"":""embedded_state"",""option_values"":""embedded_state"",""price"":""embedded_state"",""price_visibility"":""derived"",""product_url"":""derived"",""sku"":""embedded_state"",""unit_pack_size"":""derived""}}",2026-08-10T17:17:21.946823+00:00
Compac Nitrile Gloves,Cranberry,Dental Supplies > Dental Exam Gloves > Nitrile gloves,https://www.safcodental.com/product/compac-nitrile,4710158,CR3909,,"{""description"":""X-large, 100/bag""}",8.490000,USD,public,100/bag,In stock,"Compac™ By The Cuff® Nitrile Powder Free Exam Gloves feature innovative dispensing technology designed to reduce cross-contamination, minimize glove waste, and improve operatory efficiency.",{},"[""https://www.safcodental.com/media/catalog/product/c/r/cranberry-compac-nitrile-front-facing-100-box_1.jpg?canvas=265%2C265&fit=bounds&height=265&optimize=medium&width=265""]","[""https://www.safcodental.com/media/catalog/product/placeholder/default/white-placeholder_4.jpg?fit=bounds&height=265&optimize=medium&width=265"",""https://www.safcodental.com/media/catalog/product/placeholder/default/white-placeholder_4.jpg?fit=bounds&height=700&optimize=medium&width=700""]",[],"{""product"":{""alternative_product_urls"":""not_available"",""brand"":""json_ld"",""category_path"":""json_ld"",""content_hash"":""derived"",""description"":""json_ld"",""image_urls"":""json_ld"",""name"":""json_ld"",""price_visibility"":""derived"",""product_url"":""json_ld"",""specifications"":""not_available""},""variant"":{""availability"":""embedded_state"",""image_urls"":""embedded_state"",""item_number"":""embedded_state"",""option_values"":""embedded_state"",""price"":""embedded_state"",""price_visibility"":""derived"",""product_url"":""derived"",""sku"":""embedded_state"",""unit_pack_size"":""derived""}}",2026-08-10T17:17:21.946823+00:00
